[
{
"sectionTitle": "در صورت نصب فیکسا چند سکه میگیرم؟",
"content": "با نصب فیکسا برای هر مشتری 5 سکه."
},
{
"sectionTitle": "از چه راه های دیگه میتوانم سکه جمع آوری کنم؟",
"content": "از طریق بیمه دال که در روزهای آتی به طرح اضافه میشود."
},
{
"sectionTitle": "چند تا سکه بابت ثبت پلاک خودرو میگیرم؟",
"content": "چهار سکه ."
},
{
"sectionTitle": "این طرح شامل چه افرادی میباشد؟",
"content": "فقط تکنسین های انتخاب سرویس ."
},
{
"sectionTitle": "آیا با نصب فیکسا فقط برای مشتریان انتخاب سرویس سکه میگیرم؟",
"content": "خیر، برای هر شخصی غیر تکراری سکه لحاظ می شود."
},
{
"sectionTitle": "نصب فیکسا انجام دادم ولی سکه های من تغییر نکرده. دلیلش چیه؟",
"content": "سکه، 24 ساعت بعد از نصب فیکسا دریافت میشود."
}
]